id,first_name,last_name,email,gender,ip_address
1,Jedediah,Smeed,jsmeed0@yolasite.com,Male,83.10.90.131
2,Trefor,Ivimy,tivimy1@cnet.com,Male,147.19.88.39
3,Benjamin,Burfield,bburfield2@123-reg.co.uk,Male,73.171.173.78
4,Myrvyn,Silcox,msilcox3@buzzfeed.com,Male,22.2.119.231
5,Charmaine,Bauldrey,cbauldrey4@imdb.com,Female,59.142.94.21
6,Hiram,Kenforth,hkenforth5@discovery.com,Male,101.222.248.201
7,Carrissa,Sille,csille6@blog.com,Female,7.83.174.180
8,Carney,Brockley,cbrockley7@ca.gov,Genderqueer,49.118.76.200
9,Skipton,Divver,sdivver8@alexa.com,Male,156.242.109.219
10,Steffi,Warlow,swarlow9@plala.or.jp,Female,66.207.1.13
11,Fabien,Lippo,flippoa@icq.com,Male,113.222.47.224
12,Ki,Gookey,kgookeyb@mlb.com,Female,67.0.124.18
13,Becki,Teresa,bteresac@storify.com,Female,160.203.208.53
14,Leonelle,McGiven,lmcgivend@dropbox.com,Female,137.212.75.9
15,Kris,Targett,ktargette@chron.com,Male,87.1.96.248
16,Annecorinne,Roberto,arobertof@uol.com.br,Female,170.174.15.238
17,Carlin,Bergstram,cbergstramg@jiathis.com,Male,190.10.154.155
18,Gothart,Gabbott,ggabbotth@china.com.cn,Male,19.123.51.231
19,Eustace,Ridings,eridingsi@amazon.com,Male,11.177.30.141
20,Hedvig,Pettegre,hpettegrej@blinklist.com,Female,73.89.183.129

