id,first_name,last_name,email,gender,ip_address
1,Otis,Chudleigh,ochudleigh0@unc.edu,Genderqueer,58.169.202.184
2,Isa,Locock,ilocock1@biglobe.ne.jp,Female,30.25.248.183
3,Lark,Izzard,lizzard2@redcross.org,Non-binary,205.104.96.86
4,Cordell,Ong,cong3@spotify.com,Male,147.36.154.80
5,Les,Stoak,lstoak4@army.mil,Male,147.167.28.124
6,Luke,Chesnay,lchesnay5@java.com,Male,216.94.35.134
7,Reeba,Mellings,rmellings6@oaic.gov.au,Female,60.13.62.204
8,Bond,Theakston,btheakston7@irs.gov,Male,207.55.204.240
9,Aviva,Godney,agodney8@epa.gov,Female,8.225.58.14
10,Aluin,Coultard,acoultard9@eventbrite.com,Male,246.142.54.165
11,Constancia,Lengthorn,clengthorna@fda.gov,Female,70.199.164.78
12,Gwenora,Salerno,gsalernob@buzzfeed.com,Female,246.141.185.126
13,Cassandre,Sabie,csabiec@irs.gov,Female,126.222.67.218
14,Gwen,Orknay,gorknayd@printfriendly.com,Female,219.42.112.167
15,Marion,Alyoshin,malyoshine@wufoo.com,Male,143.44.213.229
16,Bevin,Girardetti,bgirardettif@weather.com,Bigender,227.7.103.207
17,Dunc,Treweela,dtreweelag@webmd.com,Male,51.27.56.209
18,Nani,Kirtland,nkirtlandh@accuweather.com,Polygender,209.184.176.62
19,Ogdon,Jarvis,ojarvisi@bravesites.com,Male,91.252.185.31
20,Livvie,Croux,lcrouxj@usgs.gov,Genderqueer,130.96.63.112
